h31|0|	5.896349334982981E7|275.0
h31|1000|	1.2640098800898893E8|0.0
h31|1005|	1.2965868265149505E8|0.0
h31|100|	1.1030457389550999E8|0.0
h31|1010|	1.3769725351346758E8|0.0
h31|1015|	1.278515802644999E8|0.0
h31|1020|	1.3145448571695395E8|0.0
h31|1025|	1.2575376511800916E8|0.0
h31|1030|	1.429052637255065E8|0.0
h31|1035|	1.226853531829478E8|0.0
h31|1040|	1.2654347366956763E8|0.0
h31|1045|	1.2557845226554962E8|0.0
h31|1050|	1.2332560270163657E8|0.0
h31|1055|	1.2703786525334445E8|0.0
h31|105|	1.2073046587840861E8|0.0
h31|1060|	1.4675417363267416E8|0.0
h31|1065|	1.438231496067972E8|0.0
h31|1070|	1.5902325152619386E8|300.0
h31|1075|	1.381480087131617E8|0.0
h31|1080|	1.5775107215352064E8|0.0
h31|1085|	1.5018136571058849E8|0.0
h31|1090|	1.5388507488596663E8|0.0
h31|1095|	1.573848759721975E8|0.0
h31|10|	8.478641670020048E7|0.0
h31|1100|	1.6093665933124924E8|0.0
h31|1105|	1.5999489654774868E8|0.0
h31|110|	1.110749220398091E8|0.0
h31|1110|	1.6237515538620207E8|0.0
h31|1115|	1.612150864333253E8|0.0
h31|1120|	1.6526675488045225E8|0.0
h31|1125|	1.6662667691285232E8|300.0
h31|1130|	1.624548996408412E8|0.0
h31|1135|	1.6282881598051226E8|0.0
h31|1140|	1.605102611222341E8|0.0
h31|1145|	1.6295257597855908E8|0.0
h31|1150|	1.634432236310119E8|0.0
h31|1155|	1.6086180113413736E8|0.0
h31|115|	1.2439991419826457E8|0.0
h31|1160|	1.5921615128168815E8|0.0
h31|1165|	1.6519182747561684E8|0.0
h31|1170|	1.5030533881682646E8|0.0
h31|1175|	1.512937197019387E8|0.0
h31|1180|	1.91822622944762E8|0.0
h31|1185|	1.7540432421660596E8|0.0
h31|1190|	1.7578173793928885E8|0.0
h31|1195|	1.741328559192087E8|0.0
h31|1200|	1.6741200087983787E8|0.0
h31|1205|	1.7079657839366055E8|0.0
h31|120|	1.2562957756557696E8|0.0
h31|1210|	1.4684412216011876E8|0.0
h31|1215|	1.4458707009983945E8|0.0
h31|1220|	1.4916505168068248E8|0.0
h31|1225|	1.4169494104448193E8|0.0
h31|1230|	1.533385416079211E8|0.0
h31|1235|	1.3465819834116563E8|0.0
h31|1240|	1.3623878388314414E8|0.0
h31|1245|	1.509347704060565E8|0.0
h31|1250|	1.1817112824214852E8|0.0
h31|1255|	1.1729231807592885E8|0.0
h31|125|	1.247463544062123E8|0.0
h31|1260|	1.3274161621093006E8|0.0
h31|1265|	1.1784082698166288E8|0.0
h31|1270|	1.1567337418537225E8|0.0
h31|1275|	1.2044815396058723E8|0.0
h31|1280|	1.145511590840284E8|0.0
h31|1285|	1.1741412887431017E8|0.0
h31|1290|	1.1905187067976189E8|0.0
h31|1295|	1.0590116065487795E8|0.0
h31|1300|	1.1454421999360465E8|0.0
h31|1305|	1.1318488284430474E8|312.0
h31|130|	1.2827106658162603E8|0.0
h31|1310|	1.08730568794661E8|0.0
h31|1315|	1.1148896601837423E8|0.0
h31|1320|	1.1250217217593284E8|0.0
h31|1325|	1.0772936111184368E8|0.0
h31|1330|	1.1683614210180078E8|0.0
h31|1335|	1.1712190955695195E8|0.0
h31|1340|	1.2654171172294629E8|0.0
h31|1345|	1.0416841586565322E8|0.0
h31|1350|	1.1514192543534315E8|0.0
h31|1355|	1.019439800729485E8|290.0
h31|135|	1.2827904968903199E8|0.0
h31|1360|	9.768948075352784E7|0.0
h31|1365|	9.391808939411612E7|0.0
h31|1370|	9.621104041787131E7|0.0
h31|1375|	9.344469677125709E7|0.0
h31|1380|	9.61203352708512E7|0.0
h31|1385|	1.3570261424039474E8|0.0
h31|1390|	1.1302487251935805E8|0.0
h31|1395|	1.2576700886441387E8|0.0
h31|1400|	1.0030197081735437E8|0.0
h31|1405|	8.633781884960744E7|0.0
h31|140|	1.1457815308320348E8|0.0
h31|1410|	1.0189367108670714E8|0.0
h31|1415|	1.0822216960882647E8|0.0
h31|1420|	9.07048568024883E7|0.0
h31|1425|	9.517074433436102E7|0.0
h31|1430|	9.536412627043612E7|0.0
h31|1435|	9.231458843755297E7|0.0
h31|145|	1.1462118583680189E8|0.0
h31|150|	1.0943928787273733E8|0.0
h31|155|	1.1877483697866449E8|0.0
h31|15|	1.035452076845022E8|0.0
h31|160|	8.263913795293126E7|0.0
h31|165|	8.651439227197982E7|0.0
h31|170|	8.545433538230614E7|0.0
h31|175|	8.468090227045499E7|0.0
h31|180|	8.365079246700935E7|0.0
h31|185|	8.066702714115846E7|0.0
h31|190|	7.54181680549168E7|0.0
h31|195|	7.401851244995378E7|0.0
h31|200|	7.34024620913912E7|0.0
h31|205|	7.791456895317647E7|0.0
h31|20|	9.219109138713484E7|0.0
h31|210|	7.834792733551162E7|255.0
h31|215|	8.06590426303851E7|0.0
h31|220|	9.33198166319091E7|0.0
h31|225|	8.534743054871145E7|0.0
h31|230|	9.333337898256627E7|0.0
h31|235|	7.423802989019403E7|0.0
h31|240|	7.367226030599377E7|0.0
h31|245|	7.871194989899465E7|0.0
h31|250|	7.950680323071212E7|0.0
h31|255|	7.965994339446998E7|0.0
h31|25|	9.351903650422366E7|0.0
h31|260|	7.711560360140094E7|281.0
h31|265|	1.244233367624154E8|0.0
h31|270|	7.616136751420017E7|0.0
h31|275|	8.539083268538459E7|0.0
h31|280|	8.457496599585697E7|0.0
h31|285|	7.544030523251128E7|0.0
h31|290|	7.650662742377089E7|0.0
h31|295|	1.2434797565415752E8|0.0
h31|300|	7.656939472715378E7|0.0
h31|305|	1.2510915971909395E8|0.0
h31|30|	6.721992865036961E7|0.0
h31|310|	1.6260299335276785E8|0.0
h31|315|	1.6121567619800907E8|0.0
h31|320|	1.67289950040517E8|0.0
h31|325|	1.6252040731298816E8|0.0
h31|330|	1.6084098219034073E8|0.0
h31|335|	1.637172028435894E8|0.0
h31|340|	1.6267072672713646E8|0.0
h31|345|	1.627353544741096E8|0.0
h31|350|	1.6733074321708918E8|0.0
h31|355|	1.465263440213507E8|0.0
h31|35|	6.125263961861152E7|0.0
h31|360|	1.322412703853648E8|0.0
h31|365|	1.3306979067268369E8|0.0
h31|370|	1.3324507748838548E8|0.0
h31|375|	1.3150338155195877E8|0.0
h31|380|	1.2855128740220097E8|0.0
h31|385|	1.3715053030473012E8|0.0
h31|390|	1.2507533393592477E8|0.0
h31|395|	1.2489724026755726E8|0.0
h31|400|	1.3681332179669258E8|0.0
h31|405|	1.3200788523298073E8|0.0
h31|40|	6.017822101143666E7|0.0
h31|410|	1.3345204864980218E8|292.0
h31|415|	1.4537870037705252E8|0.0
h31|420|	1.5934019479650843E8|0.0
h31|425|	1.4345555081476694E8|0.0
h31|430|	1.374524486248729E8|0.0
h31|435|	1.1930462845140581E8|0.0
h31|440|	1.2892460732681909E8|0.0
h31|445|	1.3915212263525966E8|0.0
h31|450|	1.1399619604596834E8|0.0
h31|455|	1.5857144893316436E8|0.0
h31|45|	6.214338714022267E7|0.0
h31|460|	1.5244664231641155E8|0.0
h31|465|	1.5187714369196174E8|0.0
h31|470|	1.2689883253127895E8|0.0
h31|475|	1.2580114686276919E8|0.0
h31|480|	1.4595587626562217E8|0.0
h31|485|	1.4017452776609558E8|0.0
h31|490|	1.4601270150600052E8|0.0
h31|495|	1.4713172411837894E8|0.0
h31|500|	1.5002871153307265E8|0.0
h31|505|	1.588628458153461E8|0.0
h31|50|	5.9212865112195194E7|0.0
h31|510|	1.3185632286080977E8|0.0
h31|515|	1.3590309042086774E8|0.0
h31|520|	1.3155626094201583E8|0.0
h31|525|	1.536036046865794E8|0.0
h31|530|	1.4183870156583005E8|0.0
h31|535|	1.538306757696498E8|0.0
h31|540|	1.2820008737477377E8|0.0
h31|545|	1.1656228743020135E8|0.0
h31|550|	1.1978628156572367E8|0.0
h31|555|	1.247684184085645E8|0.0
h31|55|	6.7116716907445E7|0.0
h31|560|	1.4241567536335775E8|299.0
h31|565|	1.0687769810670795E8|0.0
h31|570|	1.0699619121815486E8|0.0
h31|575|	1.162324243217176E8|0.0
h31|580|	9.940963567182656E7|0.0
h31|585|	9.912449371633233E7|0.0
h31|590|	1.0454530605234043E8|0.0
h31|595|	1.103728436240578E8|0.0
h31|5|	9.72172776273888E7|0.0
h31|600|	1.1148125291299513E8|0.0
h31|605|	1.0653884840281789E8|0.0
h31|60|	6.17656664891025E7|0.0
h31|610|	1.108359311651747E8|0.0
h31|615|	1.0482295293376146E8|0.0
h31|620|	1.2063600910181321E8|0.0
h31|625|	1.0929597199069797E8|0.0
h31|630|	1.097962647451646E8|0.0
h31|635|	1.1836836893028697E8|0.0
h31|640|	1.0837719650711888E8|0.0
h31|645|	1.0737378053370495E8|0.0
h31|650|	1.0720418331842318E8|0.0
h31|655|	1.2125486411956283E8|0.0
h31|65|	6.172988228690671E7|0.0
h31|660|	1.1415745312320514E8|0.0
h31|665|	1.1902663173443514E8|312.0
h31|670|	1.1877527903103827E8|0.0
h31|675|	1.1641748440614845E8|0.0
h31|680|	1.1795907741369371E8|0.0
h31|685|	1.2051366757001966E8|0.0
h31|690|	1.1643270461207727E8|0.0
h31|695|	1.2559862200217621E8|0.0
h31|700|	1.2259180903108211E8|0.0
h31|705|	1.2879558066963036E8|0.0
h31|70|	6.3703673033270225E7|0.0
h31|710|	1.2525200715245223E8|0.0
h31|715|	1.2863679314737213E8|0.0
h31|720|	1.2762054121082196E8|0.0
h31|725|	1.3052129724999721E8|0.0
h31|730|	1.272713985868321E8|0.0
h31|735|	1.3154030758942358E8|0.0
h31|740|	1.324132619031212E8|0.0
h31|745|	1.2719064797119918E8|0.0
h31|750|	1.367471236212493E8|0.0
h31|755|	1.3631591967587847E8|0.0
h31|75|	9.245755212358898E7|0.0
h31|760|	1.2820575480133191E8|0.0
h31|765|	1.2931643956824231E8|0.0
h31|770|	1.2603290013056108E8|0.0
h31|775|	1.2695556733884421E8|0.0
h31|780|	1.267705215019064E8|0.0
h31|785|	1.294208679117591E8|0.0
h31|790|	1.641377893027867E8|0.0
h31|795|	1.2868720716746388E8|0.0
h31|800|	1.1936536948641434E8|278.0
h31|805|	1.2500761496330251E8|0.0
h31|80|	6.70984335153204E7|0.0
h31|810|	1.1980431870784812E8|0.0
h31|815|	1.5167533154131648E8|0.0
h31|820|	1.6396495360838664E8|0.0
h31|825|	1.1629367714180289E8|0.0
h31|830|	1.430444778731294E8|0.0
h31|835|	1.5838436540981314E8|0.0
h31|840|	1.598072195001143E8|0.0
h31|845|	1.447780722951186E8|0.0
h31|850|	1.809577166129935E8|0.0
h31|855|	1.5505985864538375E8|0.0
h31|85|	1.1028609757165182E8|0.0
h31|860|	1.5402506261693665E8|0.0
h31|865|	1.4470317662693015E8|0.0
h31|870|	1.508489652810346E8|0.0
h31|875|	1.487474736632478E8|0.0
h31|880|	1.6418929310823908E8|0.0
h31|885|	1.61863578008262E8|0.0
h31|890|	2.000636224518232E8|0.0
h31|895|	1.8031889176562476E8|0.0
h31|900|	1.5550228725555336E8|0.0
h31|905|	1.6089882832503086E8|0.0
h31|90|	9.686552747730601E7|0.0
h31|910|	1.574686162228012E8|0.0
h31|915|	1.7064005285279748E8|0.0
h31|920|	1.525168917645752E8|0.0
h31|925|	1.312958395679496E8|0.0
h31|930|	1.282780396005683E8|0.0
h31|935|	1.4145429915882948E8|0.0
h31|940|	1.376511657361148E8|260.0
h31|945|	1.3946780932362953E8|0.0
h31|950|	1.3550987977152246E8|0.0
h31|955|	1.3722855320654368E8|0.0
h31|95|	1.104526668946478E8|0.0
h31|960|	1.311865186894725E8|0.0
h31|965|	1.3882074999726093E8|0.0
h31|970|	1.2584929887742122E8|0.0
h31|975|	1.528999956712762E8|0.0
h31|980|	1.351609372089652E8|0.0
h31|985|	1.3568479807659853E8|0.0
h31|990|	1.3908467947671437E8|0.0
h31|995|	1.2857603264957714E8|0.0
h52|0|	1.0364044266289303E8|0.0
h52|1000|	1.3490561732937106E8|0.0
h52|1005|	1.631872368558211E8|0.0
h52|100|	1.1090364864214014E8|0.0
h52|1010|	1.2432473423990947E8|0.0
h52|1015|	1.262670139946605E8|0.0
h52|1020|	1.3130566839778963E8|0.0
h52|1025|	1.285554696209668E8|0.0
h52|1030|	1.2283820042811371E8|265.0
h52|1035|	1.313536037156365E8|0.0
h52|1040|	1.3523781976942316E8|0.0
h52|1045|	1.58921820207993E8|0.0
h52|1050|	1.2619462334648398E8|0.0
h52|1055|	1.5616726778551266E8|0.0
h52|105|	1.2095447606313168E8|0.0
h52|1060|	1.4018285549872363E8|0.0
h52|1065|	1.503266826135357E8|0.0
h52|1070|	1.5090390044868448E8|0.0
h52|1075|	1.4196673359240648E8|0.0
h52|1080|	1.3343758540690216E8|0.0
h52|1085|	1.5892677415793648E8|0.0
h52|1090|	1.5917186677160442E8|0.0
h52|1095|	1.5388156185165152E8|0.0
h52|10|	8.772365065811372E7|0.0
h52|1100|	1.603104482961415E8|0.0
h52|1105|	1.6273203417945206E8|0.0
h52|110|	1.2255937832641256E8|0.0
h52|1110|	1.6402119556737262E8|0.0
h52|1115|	1.6553152509729236E8|0.0
h52|1120|	1.5888359230032235E8|0.0
h52|1125|	1.571474971578126E8|0.0
h52|1130|	1.6139416449501634E8|0.0
h52|1135|	1.6479035449643338E8|0.0
h52|1140|	1.625096151994188E8|0.0
h52|1145|	1.6160631352340457E8|0.0
h52|1150|	1.6687203240561375E8|0.0
h52|1155|	1.5891950993892002E8|0.0
h52|115|	1.24525065505374E8|0.0
h52|1160|	1.6335996245402256E8|0.0
h52|1165|	1.546527903244101E8|0.0
h52|1170|	1.513368207357808E8|0.0
h52|1175|	1.4627940444719473E8|0.0
h52|1180|	1.479302492005595E8|0.0
h52|1185|	1.6907941006993696E8|293.0
h52|1190|	1.7379152915879184E8|0.0
h52|1195|	1.721760651235304E8|273.0
h52|1200|	1.695661670641161E8|0.0
h52|1205|	1.605976886953612E8|0.0
h52|120|	1.241330087407161E8|0.0
h52|1210|	1.46935637231913E8|0.0
h52|1215|	1.4618918394947973E8|0.0
h52|1220|	1.4979791014820164E8|0.0
h52|1225|	1.4598430945898193E8|0.0
h52|1230|	1.2784087280325496E8|0.0
h52|1235|	1.2193870982837933E8|0.0
h52|1240|	1.2124296071981373E8|0.0
h52|1245|	1.557625004554611E8|0.0
h52|1250|	1.196229178031375E8|0.0
h52|1255|	1.3666939560491186E8|0.0
h52|125|	1.2580994765217564E8|0.0
h52|1260|	1.177807387168017E8|0.0
h52|1265|	1.1561016384102042E8|0.0
h52|1270|	1.1963389431138799E8|0.0
h52|1275|	1.1162879451361112E8|0.0
h52|1280|	1.1877907001553194E8|0.0
h52|1285|	1.1848927396593831E8|290.0
h52|1290|	1.2018129998474106E8|0.0
h52|1295|	1.1300549498751092E8|0.0
h52|1300|	1.1580711560064854E8|0.0
h52|1305|	1.0998048510023262E8|0.0
h52|130|	1.2786162149450976E8|0.0
h52|1310|	1.1574194854757826E8|0.0
h52|1315|	1.0908695078931133E8|0.0
h52|1320|	1.139238448834438E8|0.0
h52|1325|	1.1246508643867263E8|0.0
h52|1330|	1.0680474961216602E8|0.0
h52|1335|	1.159011252993104E8|0.0
h52|1340|	1.282198418389729E8|0.0
h52|1345|	9.63279079862733E7|0.0
h52|1350|	1.145240556379019E8|0.0
h52|1355|	9.584147119593465E7|0.0
h52|135|	1.2887009752056567E8|0.0
h52|1360|	1.1375165841700731E8|0.0
h52|1365|	1.1707988072426149E8|0.0
h52|1370|	1.010703411331941E8|0.0
h52|1375|	9.488099128902768E7|0.0
h52|1380|	9.394736894030273E7|0.0
h52|1385|	1.2213237737215546E8|0.0
h52|1390|	1.0932591295256507E8|0.0
h52|1395|	1.1878815098757634E8|0.0
h52|1400|	9.714838867742051E7|0.0
h52|1405|	9.136529557141294E7|0.0
h52|140|	1.1336355197043923E8|0.0
h52|1410|	9.641918184111339E7|318.0
h52|1415|	9.109080453449851E7|0.0
h52|1420|	1.0675658172436966E8|0.0
h52|1425|	1.0145400269445506E8|0.0
h52|1430|	8.81629759783965E7|0.0
h52|1435|	9.05131649113935E7|0.0
h52|145|	1.2164395824228716E8|0.0
h52|150|	1.0716562992991716E8|0.0
h52|155|	1.2341977644380996E8|0.0
h52|15|	1.0218015267257832E8|0.0
h52|160|	8.145913873222929E7|0.0
h52|165|	1.1910306945469242E8|0.0
h52|170|	9.426914123088764E7|0.0
h52|175|	9.411474448247655E7|307.0
h52|180|	8.893866547313623E7|0.0
h52|185|	7.652293666430831E7|0.0
h52|190|	8.135449753096575E7|0.0
h52|195|	7.420544778278735E7|0.0
h52|200|	7.349901026360992E7|305.0
h52|205|	7.802570833322358E7|0.0
h52|20|	1.0106140119639903E8|0.0
h52|210|	7.816810915035784E7|0.0
h52|215|	7.854909070750333E7|0.0
h52|220|	8.582303752018502E7|0.0
h52|225|	8.524217881011796E7|0.0
h52|230|	9.251016620486331E7|0.0
h52|235|	8.112827872165886E7|0.0
h52|240|	8.023154722138958E7|0.0
h52|245|	7.96486039169953E7|0.0
h52|250|	7.948284421414281E7|0.0
h52|255|	7.964396535817769E7|0.0
h52|25|	7.81376252310966E7|0.0
h52|260|	7.882367959620216E7|0.0
h52|265|	7.695095239560103E7|0.0
h52|270|	7.644139385479037E7|0.0
h52|275|	8.566727252748738E7|0.0
h52|280|	8.541437973909082E7|0.0
h52|285|	7.471806514862676E7|0.0
h52|290|	1.2733157110043325E8|0.0
h52|295|	1.2470212728938982E8|0.0
h52|300|	1.6433026951614067E8|288.0
h52|305|	1.2631017857212459E8|0.0
h52|30|	6.80726332698469E7|0.0
h52|310|	1.2316084582724267E8|0.0
h52|315|	1.6332772305103996E8|0.0
h52|320|	1.6449080042667496E8|0.0
h52|325|	1.6303764858346528E8|0.0
h52|330|	1.643186743893011E8|0.0
h52|335|	1.662469808121944E8|0.0
h52|340|	1.6519381255424505E8|0.0
h52|345|	1.7905189874627027E8|0.0
h52|350|	1.665154219800185E8|0.0
h52|355|	1.4866942385406837E8|0.0
h52|35|	6.562605769199762E7|0.0
h52|360|	1.416759627689923E8|0.0
h52|365|	1.2915155115769947E8|0.0
h52|370|	1.2423792846779488E8|0.0
h52|375|	1.3253910849409123E8|0.0
h52|380|	1.2738721493386754E8|305.0
h52|385|	1.281201987885225E8|0.0
h52|390|	1.3750582839968786E8|0.0
h52|395|	1.3328524333658585E8|0.0
h52|400|	1.2711385267683478E8|0.0
h52|405|	1.4323704567704877E8|0.0
h52|40|	5.7423097063571356E7|0.0
h52|410|	1.4325848547799808E8|0.0
h52|415|	1.464953183278478E8|0.0
h52|420|	1.553663094163515E8|0.0
h52|425|	1.4856200626069024E8|0.0
h52|430|	1.408440014530877E8|0.0
h52|435|	1.549726780150872E8|0.0
h52|440|	1.0898767041483243E8|0.0
h52|445|	1.5976272085299146E8|0.0
h52|450|	1.3511128637991944E8|0.0
h52|455|	1.5456707618601286E8|0.0
h52|45|	5.562197893513319E7|0.0
h52|460|	1.3845479292949364E8|0.0
h52|465|	1.4400110590932852E8|0.0
h52|470|	1.5041167989957303E8|0.0
h52|475|	1.499997722313498E8|0.0
h52|480|	1.2847372822132102E8|0.0
h52|485|	1.3008189184797487E8|0.0
h52|490|	1.2920521457932551E8|308.0
h52|495|	1.4275126681941468E8|0.0
h52|500|	1.2647000757040705E8|0.0
h52|505|	1.5734400126968527E8|0.0
h52|50|	5.706995500162984E7|0.0
h52|510|	1.4268529914791748E8|0.0
h52|515|	1.410666397119583E8|0.0
h52|520|	1.2864034318286376E8|0.0
h52|525|	1.4593313579720172E8|0.0
h52|530|	1.2822399022122715E8|0.0
h52|535|	1.4506160165382016E8|0.0
h52|540|	1.4302076042467943E8|0.0
h52|545|	1.2939035536593613E8|0.0
h52|550|	1.3147261209513038E8|0.0
h52|555|	1.168439321937086E8|0.0
h52|55|	5.862835883878696E7|0.0
h52|560|	1.2900108258158539E8|0.0
h52|565|	1.3350666469873731E8|0.0
h52|570|	1.2633301245271254E8|0.0
h52|575|	1.1639430597258621E8|0.0
h52|580|	1.0379616384699129E8|0.0
h52|585|	1.133180741829296E8|0.0
h52|590|	1.072951495494213E8|0.0
h52|595|	1.0727979843803877E8|0.0
h52|5|	1.0209095229742542E8|0.0
h52|600|	1.0730291863423567E8|0.0
h52|605|	1.0719781527873006E8|0.0
h52|60|	8.61681805460002E7|0.0
h52|610|	1.0580323952086873E8|263.0
h52|615|	1.1469161358384696E8|0.0
h52|620|	1.0761525277247463E8|0.0
h52|625|	1.0887073664620753E8|0.0
h52|630|	1.1247874049910472E8|0.0
h52|635|	1.0792641936888339E8|0.0
h52|640|	1.0697744558634952E8|0.0
h52|645|	1.0724042822801895E8|0.0
h52|650|	1.109621134573334E8|0.0
h52|655|	1.0967317518348685E8|0.0
h52|65|	6.4168230798611E7|0.0
h52|660|	1.0728316923921391E8|0.0
h52|665|	1.2146417628647722E8|0.0
h52|670|	1.1397484895325758E8|0.0
h52|675|	1.112956476803989E8|0.0
h52|680|	1.2519346777295676E8|0.0
h52|685|	1.1589898520132671E8|0.0
h52|690|	1.1731281837674043E8|0.0
h52|695|	1.1726884943275447E8|0.0
h52|700|	1.361917922360699E8|0.0
h52|705|	1.3204382705685273E8|0.0
h52|70|	6.472365703344099E7|0.0
h52|710|	1.257486551912276E8|0.0
h52|715|	1.2747768678181866E8|0.0
h52|720|	1.318972125590686E8|0.0
h52|725|	1.2884747973688133E8|0.0
h52|730|	1.2653512426076365E8|0.0
h52|735|	1.288552125806951E8|0.0
h52|740|	1.3109038396172363E8|0.0
h52|745|	1.3133324639919394E8|0.0
h52|750|	1.3581683519656882E8|0.0
h52|755|	1.218886811303972E8|0.0
h52|75|	9.308942832399541E7|0.0
h52|760|	1.3021618604334219E8|0.0
h52|765|	1.2718273180532783E8|0.0
h52|770|	1.304894537097661E8|0.0
h52|775|	1.2328927720426986E8|0.0
h52|780|	1.3437074415287673E8|0.0
h52|785|	1.2532801977607673E8|0.0
h52|790|	1.2161891393942517E8|0.0
h52|795|	1.3205915855015685E8|327.0
h52|800|	1.580052310176695E8|0.0
h52|805|	1.4108396748902836E8|0.0
h52|80|	9.457219695254788E7|0.0
h52|810|	1.5543076316391048E8|0.0
h52|815|	1.624610579681676E8|0.0
h52|820|	1.6089416932126954E8|0.0
h52|825|	1.6443130493148983E8|0.0
h52|830|	1.1628226356536943E8|0.0
h52|835|	1.612632414518435E8|0.0
h52|840|	1.4866739186607194E8|0.0
h52|845|	1.4475912905194455E8|0.0
h52|850|	1.6660241987319252E8|0.0
h52|855|	1.5380505587880385E8|0.0
h52|85|	1.0991795961581272E8|0.0
h52|860|	1.925529394562855E8|0.0
h52|865|	1.4801514392163804E8|0.0
h52|870|	1.5148117274476054E8|0.0
h52|875|	1.7010114449868423E8|0.0
h52|880|	1.8547213585862014E8|0.0
h52|885|	1.5225445710944986E8|0.0
h52|890|	1.4584224186200216E8|0.0
h52|895|	1.3838502991982588E8|0.0
h52|900|	1.2974642531682478E8|0.0
h52|905|	1.5263015085692483E8|0.0
h52|90|	1.2150819048581882E8|0.0
h52|910|	1.5947623745408288E8|0.0
h52|915|	1.504815755073872E8|0.0
h52|920|	1.33807463251182E8|0.0
h52|925|	1.4958886731120953E8|0.0
h52|930|	1.2243242754694211E8|0.0
h52|935|	1.3871501903070787E8|0.0
h52|940|	1.2492392753510362E8|0.0
h52|945|	1.3114301289865652E8|0.0
h52|950|	1.3269646090439494E8|0.0
h52|955|	1.2781134117602964E8|0.0
h52|95|	1.1102977805442825E8|0.0
h52|960|	1.5926296815445516E8|0.0
h52|965|	1.2514847184164636E8|0.0
h52|970|	1.398505321971903E8|0.0
h52|975|	1.6217502842978495E8|0.0
h52|980|	1.3764614563198578E8|0.0
h52|985|	1.3258889923076485E8|0.0
h52|990|	1.418118377609123E8|313.0
h52|995|	1.3029882490803352E8|0.0
h64|0|	5.896326372751604E7|0.0
h64|1000|	1.2682052370721716E8|0.0
h64|1005|	1.2478775950643192E8|0.0
h64|100|	1.1126519650823265E8|0.0
h64|1010|	1.2958452987042147E8|0.0
h64|1015|	1.7586581850931913E8|0.0
h64|1020|	1.251148419431669E8|0.0
h64|1025|	1.2795017877149153E8|0.0
h64|1030|	1.3272636216927998E8|0.0
h64|1035|	1.6268094687884778E8|0.0
h64|1040|	1.198366930968587E8|0.0
h64|1045|	1.3944860601928064E8|0.0
h64|1050|	1.4005344283959374E8|0.0
h64|1055|	1.236250721424887E8|0.0
h64|105|	1.2413458297044095E8|0.0
h64|1060|	1.2668737337330073E8|0.0
h64|1065|	1.2917830867698522E8|0.0
h64|1070|	1.6836958035342166E8|0.0
h64|1075|	1.558809846807495E8|0.0
h64|1080|	1.4062236383888632E8|0.0
h64|1085|	1.667238071874699E8|0.0
h64|1090|	1.5496752101746354E8|0.0
h64|1095|	1.7325568113791546E8|0.0
h64|10|	9.809894379968797E7|0.0
h64|1100|	1.6168844405162185E8|0.0
h64|1105|	1.6021011298787433E8|0.0
h64|110|	1.2499906528462537E8|0.0
h64|1110|	1.6151209850113836E8|279.0
h64|1115|	1.6180620170751324E8|0.0
h64|1120|	1.5558979717179802E8|0.0
h64|1125|	1.6792741381978697E8|0.0
h64|1130|	1.6213341079806468E8|0.0
h64|1135|	1.5918071014272147E8|0.0
h64|1140|	1.6027320210723644E8|0.0
h64|1145|	1.6192029318002674E8|0.0
h64|1150|	1.5888695903730026E8|0.0
h64|1155|	1.6371438099924532E8|0.0
h64|115|	1.2669954126473811E8|0.0
h64|1160|	1.6918592677498257E8|0.0
h64|1165|	1.6199854328820336E8|0.0
h64|1170|	1.5232632415463328E8|0.0
h64|1175|	1.4879139332968116E8|0.0
h64|1180|	1.5952673756552497E8|0.0
h64|1185|	1.7139617272271517E8|0.0
h64|1190|	1.7076027307912603E8|0.0
h64|1195|	1.724941273236991E8|0.0
h64|1200|	1.6535616782676366E8|0.0
h64|1205|	1.7206650014918107E8|0.0
h64|120|	1.2952462131482387E8|0.0
h64|1210|	1.565073072759725E8|0.0
h64|1215|	1.467809632747875E8|305.0
h64|1220|	1.472283616820896E8|321.0
h64|1225|	1.3648420477598748E8|0.0
h64|1230|	1.5343631029956216E8|0.0
h64|1235|	1.3914749123286524E8|0.0
h64|1240|	1.4980808818353483E8|0.0
h64|1245|	1.2755368202173267E8|0.0
h64|1250|	1.1779291570656113E8|0.0
h64|1255|	1.1800020630188918E8|0.0
h64|125|	1.2957910436916502E8|0.0
h64|1260|	1.1629451195919576E8|0.0
h64|1265|	1.1625909215503593E8|0.0
h64|1270|	1.1727281170949824E8|0.0
h64|1275|	1.1592000193252754E8|0.0
h64|1280|	1.111411217531443E8|0.0
h64|1285|	1.141780204730513E8|0.0
h64|1290|	1.1453948516615193E8|0.0
h64|1295|	1.1459305732323314E8|0.0
h64|1300|	1.1147905521402572E8|0.0
h64|1305|	1.098377646324316E8|0.0
h64|130|	1.3287522436461574E8|0.0
h64|1310|	1.0951870722461303E8|0.0
h64|1315|	1.1419505082838388E8|0.0
h64|1320|	1.115279828879005E8|0.0
h64|1325|	1.2129497501212093E8|0.0
h64|1330|	1.2005894855504319E8|320.0
h64|1335|	1.1130913241472107E8|0.0
h64|1340|	1.1391412079477261E8|0.0
h64|1345|	9.959981061934775E7|0.0
h64|1350|	1.0871990177795728E8|0.0
h64|1355|	1.1842239697277194E8|0.0
h64|135|	1.3256309956200589E8|0.0
h64|1360|	9.339094076603673E7|0.0
h64|1365|	1.1960988105748604E8|0.0
h64|1370|	9.384521616890979E7|0.0
h64|1375|	9.484497311675967E7|0.0
h64|1380|	9.650160432159829E7|0.0
h64|1385|	1.2523700363652633E8|0.0
h64|1390|	1.1176324795331396E8|0.0
h64|1395|	1.1858507741145629E8|0.0
h64|1400|	1.2142277900484449E8|0.0
h64|1405|	1.0445319477896832E8|0.0
h64|140|	1.3139698352300149E8|0.0
h64|1410|	1.1846755104884982E8|0.0
h64|1415|	9.141153146148041E7|0.0
h64|1420|	9.347711496477151E7|0.0
h64|1425|	9.743540739878479E7|0.0
h64|1430|	1.0148627045821542E8|0.0
h64|1435|	8.805830936730325E7|0.0
h64|145|	1.1631671823187158E8|0.0
h64|150|	1.228671705088512E8|0.0
h64|155|	1.0690291417973256E8|0.0
h64|15|	1.0364550817255649E8|0.0
h64|160|	1.04414613781475E8|0.0
h64|165|	9.167832810034609E7|0.0
h64|170|	9.211035827127379E7|0.0
h64|175|	9.169321333051436E7|0.0
h64|180|	8.948728983402734E7|0.0
h64|185|	8.233419503765172E7|0.0
h64|190|	8.032635925970808E7|0.0
h64|195|	7.933233451356101E7|0.0
h64|200|	7.887356216220415E7|0.0
h64|205|	7.589634608646774E7|0.0
h64|20|	9.798387684460153E7|0.0
h64|210|	7.755527753799546E7|0.0
h64|215|	8.07978348545619E7|0.0
h64|220|	8.510363843555538E7|0.0
h64|225|	8.610589452356993E7|0.0
h64|230|	8.211959131034309E7|0.0
h64|235|	8.202653675600943E7|0.0
h64|240|	8.197698948655453E7|0.0
h64|245|	8.04201349061973E7|0.0
h64|250|	7.815455529663019E7|0.0
h64|255|	7.743747577530843E7|0.0
h64|25|	8.20481276708849E7|0.0
h64|260|	7.754606119586687E7|0.0
h64|265|	7.851412122336148E7|0.0
h64|270|	7.679994695281404E7|0.0
h64|275|	8.48086730800406E7|0.0
h64|280|	8.541083410752857E7|274.0
h64|285|	7.715116166470951E7|0.0
h64|290|	1.2495531279832235E8|0.0
h64|295|	1.2421071432722682E8|0.0
h64|300|	1.2662202233623536E8|0.0
h64|305|	1.6022166520849016E8|0.0
h64|30|	6.710985525176512E7|0.0
h64|310|	1.2501634537267387E8|0.0
h64|315|	1.6045526484425846E8|0.0
h64|320|	1.6132966573445702E8|0.0
h64|325|	1.6355927805005953E8|0.0
h64|330|	1.6008913863175112E8|0.0
h64|335|	1.6267293175911456E8|0.0
h64|340|	1.6397138980205208E8|0.0
h64|345|	1.644412738234342E8|0.0
h64|350|	1.7076602939775681E8|0.0
h64|355|	1.4414663409411168E8|0.0
h64|35|	9.268224890913147E7|0.0
h64|360|	1.3337245608409728E8|0.0
h64|365|	1.3103041402282561E8|0.0
h64|370|	1.351608902569342E8|0.0
h64|375|	1.2643752197305088E8|0.0
h64|380|	1.3317450622181043E8|0.0
h64|385|	1.2827399276647931E8|0.0
h64|390|	1.243638482969327E8|301.0
h64|395|	1.3510548095514783E8|0.0
h64|400|	1.3216354249239784E8|0.0
h64|405|	1.3933860678116906E8|0.0
h64|40|	6.690571560929071E7|0.0
h64|410|	1.542809246014943E8|0.0
h64|415|	1.4984581330517623E8|0.0
h64|420|	1.435286719508219E8|0.0
h64|425|	1.409265780033449E8|0.0
h64|430|	1.3754932920786992E8|0.0
h64|435|	1.3067302062338138E8|0.0
h64|440|	1.229154690682542E8|0.0
h64|445|	1.458944323717383E8|0.0
h64|450|	1.4524418633113608E8|0.0
h64|455|	1.3004010409894589E8|0.0
h64|45|	6.689877891604439E7|0.0
h64|460|	1.562775979953346E8|0.0
h64|465|	1.2342619273365332E8|0.0
h64|470|	1.3715381792881587E8|0.0
h64|475|	1.2550528741544066E8|0.0
h64|480|	1.4401818406919014E8|0.0
h64|485|	1.5905803213171488E8|0.0
h64|490|	1.3944738527854487E8|0.0
h64|495|	1.4733114644698608E8|0.0
h64|500|	1.3376785671863352E8|0.0
h64|505|	1.620942646785327E8|0.0
h64|50|	8.304576238006538E7|279.0
h64|510|	1.546697212846898E8|0.0
h64|515|	1.4287338891917586E8|0.0
h64|520|	1.4232477496332482E8|0.0
h64|525|	1.4403986147942597E8|0.0
h64|530|	1.4137372227862132E8|0.0
h64|535|	1.2468673256121182E8|0.0
h64|540|	1.373905467307425E8|0.0
h64|545|	1.3475477926312745E8|0.0
h64|550|	1.1575093536266088E8|286.0
h64|555|	1.3617835682164568E8|0.0
h64|55|	9.424158341452533E7|0.0
h64|560|	1.0988455589610776E8|0.0
h64|565|	1.2081176229524209E8|0.0
h64|570|	1.1681033524016525E8|0.0
h64|575|	1.1240373755370083E8|0.0
h64|580|	1.300759262052373E8|0.0
h64|585|	1.0087431742574657E8|0.0
h64|590|	1.0506261757322979E8|0.0
h64|595|	1.0099418203414837E8|0.0
h64|5|	1.0060006142321037E8|0.0
h64|600|	1.0359944827008532E8|0.0
h64|605|	1.0753291668572086E8|275.0
h64|60|	9.414724860744968E7|0.0
h64|610|	1.1048412060543369E8|0.0
h64|615|	1.0851029014379598E8|0.0
h64|620|	1.042154297874443E8|0.0
h64|625|	1.0354951007167298E8|0.0
h64|630|	1.127983941260765E8|0.0
h64|635|	1.092343901151416E8|0.0
h64|640|	1.0951196340331197E8|252.0
h64|645|	1.0776650011326844E8|0.0
h64|650|	1.0691576977103437E8|0.0
h64|655|	1.0610768729413234E8|0.0
h64|65|	5.74319359625499E7|0.0
h64|660|	1.14520101926902E8|0.0
h64|665|	1.2450647510582188E8|0.0
h64|670|	1.0860115097909382E8|0.0
h64|675|	1.1639374558701922E8|0.0
h64|680|	1.1122735743686458E8|0.0
h64|685|	1.1860951324363884E8|0.0
h64|690|	1.2637146864754412E8|0.0
h64|695|	1.1597654313603061E8|0.0
h64|700|	1.1892157760129315E8|0.0
h64|705|	1.3275318837062773E8|0.0
h64|70|	8.60358911087674E7|0.0
h64|710|	1.2908255770576265E8|0.0
h64|715|	1.2506028272828534E8|0.0
h64|720|	1.2839415295637324E8|0.0
h64|725|	1.2863407373967263E8|0.0
h64|730|	1.2810602044597833E8|0.0
h64|735|	1.3281917285677937E8|0.0
h64|740|	1.3159529038858175E8|0.0
h64|745|	1.337601104533707E8|0.0
h64|750|	1.3257368730468673E8|0.0
h64|755|	1.3172898416326603E8|0.0
h64|75|	6.72014625030719E7|0.0
h64|760|	1.3193177371456583E8|0.0
h64|765|	1.3433118767958155E8|0.0
h64|770|	1.3128993488603042E8|0.0
h64|775|	1.2931552135847206E8|0.0
h64|780|	1.347726766287902E8|0.0
h64|785|	1.3247102496354611E8|0.0
h64|790|	1.319518060294632E8|0.0
h64|795|	1.72210360513074E8|0.0
h64|800|	1.3661001420314932E8|0.0
h64|805|	1.3334019938815519E8|0.0
h64|80|	9.892609265266262E7|0.0
h64|810|	1.613478086837971E8|0.0
h64|815|	1.2681558826899569E8|0.0
h64|820|	1.1816094391132729E8|0.0
h64|825|	1.7254235958707944E8|0.0
h64|830|	1.351358172288471E8|0.0
h64|835|	1.641708647080825E8|0.0
h64|840|	1.566482446880891E8|0.0
h64|845|	1.754361426779923E8|0.0
h64|850|	2.045885235880644E8|0.0
h64|855|	1.377437650891536E8|0.0
h64|85|	1.0616212774864346E8|0.0
h64|860|	1.5358406531311804E8|279.0
h64|865|	1.4917964524021775E8|0.0
h64|870|	1.3499304185185707E8|0.0
h64|875|	1.7107410246849135E8|0.0
h64|880|	1.1478293454357168E8|0.0
h64|885|	1.2167786357571417E8|0.0
h64|890|	1.335642077733404E8|0.0
h64|895|	1.448890836080508E8|0.0
h64|900|	1.3708854308570814E8|332.0
h64|905|	1.4137548691643786E8|0.0
h64|90|	9.703295787784266E7|0.0
h64|910|	1.5905506271672907E8|0.0
h64|915|	1.8053427899122152E8|0.0
h64|920|	1.3214377254410705E8|0.0
h64|925|	1.4569332735792416E8|0.0
h64|930|	1.3142717584958631E8|0.0
h64|935|	1.280689693280545E8|0.0
h64|940|	1.3446121651541558E8|0.0
h64|945|	1.3982849278892964E8|0.0
h64|950|	1.3741578004967242E8|0.0
h64|955|	1.3441279615097338E8|0.0
h64|95|	1.2431131313684933E8|0.0
h64|960|	1.3501885365463248E8|0.0
h64|965|	1.499414664755527E8|0.0
h64|970|	1.4545072842938218E8|0.0
h64|975|	1.438344143446242E8|0.0
h64|980|	1.3629303084450498E8|0.0
h64|985|	1.3298860918669704E8|0.0
h64|990|	1.2734035669316861E8|0.0
h64|995|	1.27824919166161E8|0.0
h8|0|	5.8962851818462536E7|0.0
h8|1000|	1.3061637968323313E8|0.0
h8|1005|	1.2329577002977535E8|307.0
h8|100|	1.078152918872683E8|0.0
h8|1010|	1.3196520808918314E8|0.0
h8|1015|	1.2828514305752057E8|0.0
h8|1020|	1.2642652950408706E8|0.0
h8|1025|	1.3070860159534809E8|0.0
h8|1030|	1.2863647022251675E8|0.0
h8|1035|	1.277366011216211E8|0.0
h8|1040|	1.2646508992271663E8|0.0
h8|1045|	1.4893129645037633E8|0.0
h8|1050|	1.5060671098817354E8|0.0
h8|1055|	1.4176765882132787E8|0.0
h8|105|	1.1885450880596834E8|0.0
h8|1060|	1.2457783855402786E8|0.0
h8|1065|	1.274214155189428E8|0.0
h8|1070|	1.5176772351298448E8|0.0
h8|1075|	1.375788137884998E8|0.0
h8|1080|	1.432064799472983E8|0.0
h8|1085|	1.5613273320923868E8|0.0
h8|1090|	1.7201256833724853E8|0.0
h8|1095|	1.5150350879637554E8|0.0
h8|10|	9.191611886439689E7|0.0
h8|1100|	1.6578447961496314E8|0.0
h8|1105|	1.5583437378109697E8|0.0
h8|110|	1.2032802262440747E8|0.0
h8|1110|	1.5789150083019567E8|0.0
h8|1115|	1.5965051406146884E8|0.0
h8|1120|	1.6554933971614274E8|0.0
h8|1125|	1.682776430828968E8|0.0
h8|1130|	1.6382356708162254E8|0.0
h8|1135|	1.5996649657206947E8|327.0
h8|1140|	1.5914546431225058E8|0.0
h8|1145|	1.6251655993223977E8|0.0
h8|1150|	1.610646654242428E8|0.0
h8|1155|	1.6420083718614686E8|0.0
h8|115|	1.2459072363956903E8|0.0
h8|1160|	1.616248863340919E8|0.0
h8|1165|	1.532191158812452E8|0.0
h8|1170|	1.502975471739749E8|0.0
h8|1175|	1.468458964960436E8|0.0
h8|1180|	1.5459280899696964E8|0.0
h8|1185|	1.7717847601502913E8|0.0
h8|1190|	1.697106688216551E8|0.0
h8|1195|	1.684222853201456E8|0.0
h8|1200|	1.7125414672709846E8|0.0
h8|1205|	1.669285418169473E8|0.0
h8|120|	1.2993725559946789E8|0.0
h8|1210|	1.453596759728777E8|0.0
h8|1215|	1.4621027268391287E8|0.0
h8|1220|	1.4589929731036913E8|0.0
h8|1225|	1.5319788440299714E8|0.0
h8|1230|	1.5123870398080474E8|0.0
h8|1235|	1.2231444146540819E8|0.0
h8|1240|	1.2315466696542901E8|0.0
h8|1245|	1.21494828708687E8|0.0
h8|1250|	1.1925314723077741E8|0.0
h8|1255|	1.1399599861417906E8|0.0
h8|125|	1.2903155588936457E8|253.0
h8|1260|	1.1753285345164809E8|0.0
h8|1265|	1.172376698358689E8|0.0
h8|1270|	1.136094821320259E8|0.0
h8|1275|	1.1832193809751958E8|0.0
h8|1280|	1.1542523890636823E8|0.0
h8|1285|	1.1938827638883254E8|0.0
h8|1290|	1.1698143254629558E8|0.0
h8|1295|	1.1534632307039282E8|0.0
h8|1300|	1.1355694789390777E8|0.0
h8|1305|	1.1686910549256013E8|0.0
h8|130|	1.3509038235003743E8|0.0
h8|1310|	1.1318867626191545E8|0.0
h8|1315|	1.0135904971566181E8|0.0
h8|1320|	1.1516686866940421E8|0.0
h8|1325|	1.177542732548875E8|0.0
h8|1330|	1.1436809917322156E8|0.0
h8|1335|	1.2378989875907423E8|0.0
h8|1340|	9.609836107304773E7|0.0
h8|1345|	1.134421353623228E8|0.0
h8|1350|	9.65530196247852E7|0.0
h8|1355|	1.1040678077260835E8|0.0
h8|135|	1.295728746160624E8|0.0
h8|1360|	1.120843833483681E8|0.0
h8|1365|	1.1567164047486271E8|0.0
h8|1370|	1.0634628895201632E8|0.0
h8|1375|	9.64162399331626E7|0.0
h8|1380|	9.619082066828209E7|285.0
h8|1385|	1.0959240058780022E8|0.0
h8|1390|	1.1554852047343612E8|0.0
h8|1395|	1.0294266629879187E8|0.0
h8|1400|	9.737019889131504E7|0.0
h8|1405|	9.536622705409853E7|0.0
h8|140|	1.2488926607703888E8|0.0
h8|1410|	8.908070988997267E7|0.0
h8|1415|	9.513170659960471E7|0.0
h8|1420|	9.229248450243762E7|0.0
h8|1425|	8.27220564154731E7|0.0
h8|1430|	8.179147197924446E7|0.0
h8|1435|	1.0755633578256595E8|0.0
h8|145|	1.3041503844498923E8|0.0
h8|150|	1.2239184612241383E8|0.0
h8|155|	1.2158398970863257E8|0.0
h8|15|	1.0364536323464328E8|0.0
h8|160|	1.1958194254424906E8|0.0
h8|165|	7.604386037816417E7|0.0
h8|170|	8.571101096917328E7|0.0
h8|175|	8.493480206907493E7|0.0
h8|180|	8.454121731434412E7|0.0
h8|185|	8.130543607865696E7|0.0
h8|190|	8.118124000461517E7|0.0
h8|195|	7.284117949028131E7|0.0
h8|200|	7.76810048848411E7|0.0
h8|205|	7.764949686563635E7|0.0
h8|20|	9.849043068541291E7|0.0
h8|210|	7.914270395961419E7|0.0
h8|215|	8.14042312477018E7|0.0
h8|220|	8.61288039527538E7|0.0
h8|225|	8.626131481326905E7|0.0
h8|230|	9.435133547503975E7|0.0
h8|235|	8.193447357754725E7|0.0
h8|240|	8.226519556896509E7|0.0
h8|245|	7.954543050024165E7|0.0
h8|250|	7.988664875430681E7|0.0
h8|255|	7.765302058826599E7|0.0
h8|25|	8.019097778003375E7|0.0
h8|260|	7.78189002667452E7|0.0
h8|265|	7.878256882570186E7|0.0
h8|270|	7.764981687369E7|0.0
h8|275|	8.463677324315462E7|0.0
h8|280|	8.367797712237772E7|0.0
h8|285|	1.2564600539195536E8|0.0
h8|290|	1.2602645588431653E8|0.0
h8|295|	1.2786934004073259E8|0.0
h8|300|	1.259367102911119E8|0.0
h8|305|	1.608295516421336E8|0.0
h8|30|	6.2525285004477695E7|0.0
h8|310|	1.6194838358177328E8|0.0
h8|315|	1.6262412626252866E8|0.0
h8|320|	1.6148664495966682E8|0.0
h8|325|	1.6657283875289422E8|0.0
h8|330|	1.629543738309028E8|0.0
h8|335|	1.621739288617156E8|0.0
h8|340|	1.6144384633808175E8|0.0
h8|345|	1.7956396234298286E8|0.0
h8|350|	1.6922951745816156E8|254.0
h8|355|	1.5101975044118425E8|0.0
h8|35|	6.091124007880153E7|0.0
h8|360|	1.3962811731619152E8|0.0
h8|365|	1.239256869473475E8|0.0
h8|370|	1.2784546096715356E8|0.0
h8|375|	1.3146546114004639E8|0.0
h8|380|	1.323327822755776E8|0.0
h8|385|	1.317040647095718E8|0.0
h8|390|	1.2295323146862711E8|0.0
h8|395|	1.325570302901924E8|0.0
h8|400|	1.2567000063143466E8|0.0
h8|405|	1.4600842024628362E8|268.0
h8|40|	6.1023498259510055E7|0.0
h8|410|	1.450676115045882E8|0.0
h8|415|	1.4194251732947797E8|0.0
h8|420|	1.4595438253226268E8|0.0
h8|425|	1.5603405709283713E8|0.0
h8|430|	1.6361194295520306E8|0.0
h8|435|	1.349744209027696E8|0.0
h8|440|	1.5285400185653448E8|0.0
h8|445|	1.1808357135128614E8|0.0
h8|450|	1.1577216324234623E8|0.0
h8|455|	1.4256968611561355E8|0.0
h8|45|	6.5140070492265455E7|0.0
h8|460|	1.477763572112422E8|0.0
h8|465|	1.41492722974359E8|0.0
h8|470|	1.3598124736745393E8|0.0
h8|475|	1.3155417208355711E8|0.0
h8|480|	1.540352518202459E8|0.0
h8|485|	1.39374132961782E8|0.0
h8|490|	1.4521876995978534E8|0.0
h8|495|	1.328216728256234E8|0.0
h8|500|	1.3681511675191465E8|0.0
h8|505|	1.3234341117326038E8|0.0
h8|50|	5.6270587486387715E7|0.0
h8|510|	1.3712166408536863E8|0.0
h8|515|	1.6214146805259055E8|0.0
h8|520|	1.3901238658783287E8|0.0
h8|525|	1.4832671045468378E8|0.0
h8|530|	1.524025512031281E8|0.0
h8|535|	1.2614505714246216E8|0.0
h8|540|	1.2491370773270161E8|0.0
h8|545|	1.417678806354715E8|0.0
h8|550|	1.0155110243609188E8|0.0
h8|555|	1.0833505636315478E8|0.0
h8|55|	5.9874847263733104E7|0.0
h8|560|	1.392353960661277E8|0.0
h8|565|	1.2215445991224296E8|0.0
h8|570|	1.0534063836810547E8|0.0
h8|575|	1.0215059783207402E8|280.0
h8|580|	1.3469891288806638E8|262.0
h8|585|	1.0476562023826098E8|0.0
h8|590|	1.0603722403507961E8|0.0
h8|595|	1.0077720168627441E8|0.0
h8|5|	9.69723887134488E7|0.0
h8|600|	1.0498807623459439E8|0.0
h8|605|	1.0346777913309294E8|0.0
h8|60|	6.468481510893965E7|259.0
h8|610|	1.1349286505741797E8|0.0
h8|615|	1.0982673856286964E8|0.0
h8|620|	1.0864327267322561E8|0.0
h8|625|	1.0837284316885065E8|0.0
h8|630|	1.0979256406195961E8|0.0
h8|635|	1.0810186404196423E8|0.0
h8|640|	1.0811801807293417E8|0.0
h8|645|	1.0850073579019944E8|0.0
h8|650|	1.062480771592008E8|0.0
h8|655|	1.1964411242810355E8|0.0
h8|65|	6.947481661634257E7|0.0
h8|660|	1.0946994926428583E8|0.0
h8|665|	1.1346528732338724E8|0.0
h8|670|	1.2915228934471518E8|0.0
h8|675|	1.1733422077694917E8|0.0
h8|680|	1.1506084743358383E8|0.0
h8|685|	1.1749774914486401E8|0.0
h8|690|	1.158429573428227E8|0.0
h8|695|	1.1985660328079179E8|0.0
h8|700|	1.2614719967067792E8|0.0
h8|705|	1.3159074648622838E8|0.0
h8|70|	6.905394192619248E7|282.0
h8|710|	1.2639060383148016E8|0.0
h8|715|	1.2794427387054858E8|0.0
h8|720|	1.2882018545244612E8|0.0
h8|725|	1.3122262224745007E8|0.0
h8|730|	1.3010298282058105E8|0.0
h8|735|	1.3176184736828688E8|0.0
h8|740|	1.2834406912241995E8|0.0
h8|745|	1.3468493409121805E8|0.0
h8|750|	1.291936182127202E8|0.0
h8|755|	1.2734123697892874E8|0.0
h8|75|	9.382069396366432E7|0.0
h8|760|	1.270321138092181E8|0.0
h8|765|	1.228758455784659E8|0.0
h8|770|	1.2778637526059783E8|0.0
h8|775|	1.3007668653410405E8|0.0
h8|780|	1.28756330115631E8|0.0
h8|785|	1.285613093131546E8|0.0
h8|790|	1.1933185568259579E8|0.0
h8|795|	1.1820330748440182E8|0.0
h8|800|	1.6633217934750715E8|0.0
h8|805|	1.6241126366016075E8|0.0
h8|80|	7.726721348859452E7|0.0
h8|810|	1.2241759214646307E8|0.0
h8|815|	1.2010060403548265E8|0.0
h8|820|	1.1826914505314568E8|289.0
h8|825|	1.757386445039442E8|0.0
h8|830|	1.7872172695046365E8|0.0
h8|835|	1.3611182109865555E8|0.0
h8|840|	1.8037347132900897E8|0.0
h8|845|	1.609661091760127E8|0.0
h8|850|	1.5932630644199806E8|0.0
h8|855|	1.4335723016823065E8|0.0
h8|85|	6.5149412938734576E7|0.0
h8|860|	1.436882026886783E8|0.0
h8|865|	1.4871261475367886E8|0.0
h8|870|	1.346934528439545E8|0.0
h8|875|	1.1780542900327536E8|0.0
h8|880|	1.7970877862156653E8|0.0
h8|885|	1.5220938858115095E8|0.0
h8|890|	1.594308163819113E8|0.0
h8|895|	1.4108080155183277E8|0.0
h8|900|	1.3162664170033981E8|0.0
h8|905|	1.4368151252699256E8|0.0
h8|90|	1.2310727788738155E8|0.0
h8|910|	1.5405784912551883E8|0.0
h8|915|	1.497620601080913E8|0.0
h8|920|	1.4629774967106864E8|0.0
h8|925|	1.3486467056406212E8|0.0
h8|930|	1.2859153048127227E8|0.0
h8|935|	1.4488953261596832E8|0.0
h8|940|	1.3096090089320634E8|294.0
h8|945|	1.525515562578761E8|0.0
h8|950|	1.4251990316931215E8|0.0
h8|955|	1.3506670171787068E8|0.0
h8|95|	1.0845506785881874E8|0.0
h8|960|	1.309501891380532E8|0.0
h8|965|	1.2690041128455198E8|0.0
h8|970|	1.2559585544729073E8|0.0
h8|975|	1.506024665638704E8|0.0
h8|980|	1.4769421983993497E8|0.0
h8|985|	1.4074644125247648E8|0.0
h8|990|	1.3201312994331041E8|0.0
h8|995|	1.2920349707373688E8|0.0
